Company,Item Description (Raw),Item Code / Legacy Ref,Quantity,UOM,Part Number / OEM Number,Make / Brand,Specifications / Dimensions
Coal India (Central Coalfields Limited),brg ball rad 6205 2rs for main store,116045321,50,NOS,6205-2RS,SKF,ID 25mm OD 52mm W 15mm
Coal India (Central Coalfields Limited),"BEARING, BALL, 6205-2RS1",116045321,20,NOS,6205-2RS1,FAG,Radial deep groove ball bearing
NTPC,"V-BELT SEC C, NOM L 120 INCH",M-55321,10,NOS,C-120,FENNER,IS 2494
BHEL,BELT V C-120,224411,5,NOS,C120,PIX,C section V belt
BHEL,SAFETY SHOE MENS BLACK SIZE 9 LEATHER CE APPROVED,MAT4285270,1884,KGS,N/A,BOSCH,Standard specification as per IS/ISO. Dimension: 111mm. Material: MS.
IOCL,SEAL  KIT  FOR  HYDRAULIC  CYLINDER  BEML  DOZER - URGENT REQ,MAT5926185,3698,SET,PN-5234-X,PIX,Standard specification as per IS/ISO. Dimension: 214mm. Material: MS.
NTPC,SEAL KIT FOR HYDRAULIC CYLINDER BEML DOZER,MAT2121091,3106,PAIR,PN-3019-X,L&T,Standard specification as per IS/ISO. Dimension: 294mm. Material: SS316.
GAIL,filter lube oil for cummins engine kta19,MAT7109355,2750,SET,PN-9263-A,FAG,Standard specification as per IS/ISO. Dimension: 151mm. Material: Rubber.
BHEL,HYDRAULIC  HOSE  1  INCH  R2  10  METERS  WITH  FITTINGS - URGENT REQ,MAT7926758,489,KGS,N/A,TVS,Standard specification as per IS/ISO. Dimension: 41mm. Material: Rubber.
ONGC,roller bearing spherical 22316 ek c3,MAT2887831,4671,MT,N/A,ANY REPUTED MAKE,Standard specification as per IS/ISO. Dimension: 249mm. Material: Alloy Steel.
NTPC,led flood light 200w ip66 6500k cg/philips,MAT3281108,1635,MTR,N/A,BOSCH,Standard specification as per IS/ISO. Dimension: 250mm. Material: Rubber.
NTPC,gate valve 2 inch 800# forged steel a105,MAT7712130,3547,MT,N/A,KOMATSU,Standard specification as per IS/ISO. Dimension: 26mm. Material: MS.
NTPC,taper roller bearing 32218 j2/q,MAT6128327,3298,NOS,PN-2477-B,ANY REPUTED MAKE,Standard specification as per IS/ISO. Dimension: 278mm. Material: MS.
IOCL,diesel  exhaust  fluid  def  aus  32   REQ AS PER ATTACHED SPEC,MAT2632814,3438,KGS,N/A,PIX,Standard specification as per IS/ISO. Dimension: 272mm. Material: Rubber.
BHEL,contactor  3  pole  400v  63a  l&t/siemens **OEM ONLY**,MAT1756205,2263,BTL,PN-7384-Y,ANY REPUTED MAKE,Standard specification as per IS/ISO. Dimension: 221mm. Material: SS316.
IOCL,hydraulic  hose  1  inch  r2  10  meters  with  fittings (BOQ1 REF),MAT8491100,2981,BTL,PN-7319-B,L&T,Standard specification as per IS/ISO. Dimension: 228mm. Material: SS304.
IOCL,high  tensile  bolt  m24  x  100mm  grade  8.8  galvanized   REQ AS PER ATTACHED SPEC,MAT1979638,3971,ROLL,PN-5927-Y,PIX,Standard specification as per IS/ISO. Dimension: 240mm. Material: Brass.
Coal India (Central Coalfields Limited),welding electrode e7018 3.15mm x 450mm,MAT9937527,2955,SET,PN-6583-A,TVS,Standard specification as per IS/ISO. Dimension: 118mm. Material: MS.
HEC,hydraulic hose 1 inch r2 10 meters with fittings,MAT1390312,4038,SET,N/A,ABB,Standard specification as per IS/ISO. Dimension: 79mm. Material: SS304.
Coal India (Central Coalfields Limited),FLANGE GASKET 150# 100MM NB SPIRAL WOUND NON ASBESTOS,MAT4044672,2074,NOS,PN-9599-Z,SIEMENS,Standard specification as per IS/ISO. Dimension: 278mm. Material: SS316.
BHEL,ball  valve  1  inch  ss316  1000  wog  ptfe  seat (BOQ1 REF),MAT2462591,798,PAIR,PN-7555-X,ANY REPUTED MAKE,Standard specification as per IS/ISO. Dimension: 212mm. Material: Alloy Steel.
NTPC,SAFETY SHOE MENS BLACK SIZE 9 LEATHER CE APPROVED,MAT1368050,3855,MTR,PN-2971-A,PHILIPS,Standard specification as per IS/ISO. Dimension: 46mm. Material: Rubber.
Coal India (BCCL),v  belt  c-120  fenner  pix  only  for  crusher  drive - URGENT REQ,MAT1810535,4907,LTR,N/A,PIX,Standard specification as per IS/ISO. Dimension: 55mm. Material: SS316.
Coal India (BCCL),v  belt  c-120  fenner  pix  only  for  crusher  drive - URGENT REQ,MAT6833850,1482,SET,PN-7719-B,ANY REPUTED MAKE,Standard specification as per IS/ISO. Dimension: 113mm. Material: SS316.
Coal India (BCCL),welding electrode e7018 3.15mm x 450mm,MAT8449390,1114,MTR,N/A,UNBRAKO,Standard specification as per IS/ISO. Dimension: 232mm. Material: SS316.
IOCL,flange  gasket  150#  100mm  nb  spiral  wound  non  asbestos (BOQ1 REF),MAT9020935,593,ROLL,PN-8705-Z,SKF,Standard specification as per IS/ISO. Dimension: 165mm. Material: SS316.
HEC,safety shoe mens black size 9 leather ce approved,MAT6009722,2770,MT,PN-7175-X,KOMATSU,Standard specification as per IS/ISO. Dimension: 48mm. Material: MS.
GAIL,air filter element outer & inner for beml dumper,MAT4413054,2254,NOS,N/A,ANY REPUTED MAKE,Standard specification as per IS/ISO. Dimension: 11mm. Material: SS304.
IOCL,SEAL KIT FOR HYDRAULIC CYLINDER BEML DOZER,MAT4456232,260,MT,PN-7261-A,FAG,Standard specification as per IS/ISO. Dimension: 113mm. Material: Alloy Steel.
GAIL,TAPER ROLLER BEARING 32218 J2/Q,MAT7121888,2800,KGS,PN-5781-A,PIX,Standard specification as per IS/ISO. Dimension: 87mm. Material: Alloy Steel.
BHEL,WIRE  ROPE  16MM  DIA  6X36  FMC  RHRL  UNGALVANIZED - URGENT REQ,MAT5440034,840,SET,PN-4310-Y,BEML,Standard specification as per IS/ISO. Dimension: 252mm. Material: SS304.
NTPC,lubricating oil servo system 68 in 210 ltr drum,MAT7034903,2116,MTR,N/A,ESCO,Standard specification as per IS/ISO. Dimension: 118mm. Material: Brass.
Coal India (Central Coalfields Limited),rubber  conveyor  belt  800mm  wide  ep  400/3   REQ AS PER ATTACHED SPEC,MAT2350957,2394,PAIR,PN-3898-X,ANY REPUTED MAKE,Standard specification as per IS/ISO. Dimension: 82mm. Material: Alloy Steel.
Coal India (Central Coalfields Limited),hydraulic  hose  1  inch  r2  10  meters  with  fittings **OEM ONLY**,MAT2404818,2316,LTR,PN-6314-A,OEM,Standard specification as per IS/ISO. Dimension: 46mm. Material: SS304.
IOCL,AIR FILTER ELEMENT OUTER & INNER FOR BEML DUMPER,MAT1359850,1510,SET,PN-4160-X,CUMMINS,Standard specification as per IS/ISO. Dimension: 162mm. Material: Brass.
Coal India (Central Coalfields Limited),high  tensile  bolt  m24  x  100mm  grade  8.8  galvanized **OEM ONLY**,MAT5621876,1829,NOS,N/A,FENNER,Standard specification as per IS/ISO. Dimension: 64mm. Material: Alloy Steel.
NTPC,transformer oil ehv grade in 209 ltr barrel,MAT1101939,1556,PAIR,PN-7514-X,ESCO,Standard specification as per IS/ISO. Dimension: 68mm. Material: SS316.
GAIL,high  tensile  bolt  m24  x  100mm  grade  8.8  galvanized   REQ AS PER ATTACHED SPEC,MAT5354668,2029,PAIR,PN-4042-X,ANY REPUTED MAKE,Standard specification as per IS/ISO. Dimension: 57mm. Material: MS.
GAIL,ss  tube  1/2  inch  od  x  1.2mm  thk  astm  a213 **OEM ONLY**,MAT7641821,4729,KGS,PN-7267-X,UNBRAKO,Standard specification as per IS/ISO. Dimension: 62mm. Material: SS316.
GAIL,hydraulic hose 1 inch r2 10 meters with fittings,MAT8550749,2744,PAIR,PN-7186-Y,SIEMENS,Standard specification as per IS/ISO. Dimension: 290mm. Material: MS.
Coal India (BCCL),LED  FLOOD  LIGHT  200W  IP66  6500K  CG/PHILIPS   REQ AS PER ATTACHED SPEC,MAT1620800,2262,LTR,PN-2215-Z,ESCO,Standard specification as per IS/ISO. Dimension: 64mm. Material: SS304.
ONGC,BALL  VALVE  1  INCH  SS316  1000  WOG  PTFE  SEAT   REQ AS PER ATTACHED SPEC,MAT4486004,1385,BTL,N/A,ABB,Standard specification as per IS/ISO. Dimension: 168mm. Material: Rubber.
GAIL,FLANGE GASKET 150# 100MM NB SPIRAL WOUND NON ASBESTOS,MAT5572575,300,KGS,N/A,L&T,Standard specification as per IS/ISO. Dimension: 128mm. Material: SS316.
IOCL,GATE VALVE 2 INCH 800# FORGED STEEL A105,MAT6436666,4793,MTR,N/A,ANY REPUTED MAKE,Standard specification as per IS/ISO. Dimension: 52mm. Material: SS304.
Coal India (BCCL),air  filter  element  outer  &  inner  for  beml  dumper - URGENT REQ,MAT6418851,1087,PAIR,N/A,PIX,Standard specification as per IS/ISO. Dimension: 168mm. Material: MS.
IOCL,RUBBER CONVEYOR BELT 800MM WIDE EP 400/3,MAT1742442,4118,MT,PN-6935-Y,CUMMINS,Standard specification as per IS/ISO. Dimension: 177mm. Material: SS304.
ONGC,safety  shoe  mens  black  size  9  leather  ce  approved (BOQ1 REF),MAT7251184,1389,NOS,PN-9774-X,BEML,Standard specification as per IS/ISO. Dimension: 141mm. Material: SS304.
Coal India (BCCL),AIR FILTER ELEMENT OUTER & INNER FOR BEML DUMPER,MAT5069912,3691,KGS,PN-2000-B,FENNER,Standard specification as per IS/ISO. Dimension: 211mm. Material: Rubber.
IOCL,filter  lube  oil  for  cummins  engine  kta19 - URGENT REQ,MAT7890367,117,PAIR,PN-5288-X,CUMMINS,Standard specification as per IS/ISO. Dimension: 57mm. Material: SS304.
GAIL,WIRE  ROPE  16MM  DIA  6X36  FMC  RHRL  UNGALVANIZED   REQ AS PER ATTACHED SPEC,MAT4884007,4250,LTR,PN-5411-B,SIEMENS,Standard specification as per IS/ISO. Dimension: 211mm. Material: Brass.
NTPC,gate valve 2 inch 800# forged steel a105,MAT4337142,3699,PAIR,PN-3503-Y,PHILIPS,Standard specification as per IS/ISO. Dimension: 282mm. Material: Alloy Steel.
IOCL,welding electrode e7018 3.15mm x 450mm,MAT8614221,1740,BTL,N/A,L&T,Standard specification as per IS/ISO. Dimension: 107mm. Material: SS316.
NTPC,seal kit for hydraulic cylinder beml dozer,MAT6452995,1820,LTR,PN-7949-Z,UNBRAKO,Standard specification as per IS/ISO. Dimension: 198mm. Material: Alloy Steel.
IOCL,SS TUBE 1/2 INCH OD X 1.2MM THK ASTM A213,MAT9741565,529,SET,PN-2549-B,OEM,Standard specification as per IS/ISO. Dimension: 165mm. Material: SS304.
HEC,RUBBER  CONVEYOR  BELT  800MM  WIDE  EP  400/3   REQ AS PER ATTACHED SPEC,MAT4138926,1683,PAIR,PN-3014-A,BOSCH,Standard specification as per IS/ISO. Dimension: 153mm. Material: SS304.
Coal India (Central Coalfields Limited),bearing  ball  radial  6205  2rs  skf/fag  make  only **OEM ONLY**,MAT5162270,3355,MT,PN-7104-X,FAG,Standard specification as per IS/ISO. Dimension: 154mm. Material: SS316.
Coal India (Central Coalfields Limited),LUBRICATING OIL SERVO SYSTEM 68 IN 210 LTR DRUM,MAT4968629,763,MT,PN-2276-B,SKF,Standard specification as per IS/ISO. Dimension: 201mm. Material: SS304.
BHEL,air  filter  element  outer  &  inner  for  beml  dumper **OEM ONLY**,MAT7475768,1924,ROLL,N/A,BEML,Standard specification as per IS/ISO. Dimension: 201mm. Material: Alloy Steel.
NTPC,v belt c-120 fenner pix only for crusher drive,MAT5978971,1947,NOS,PN-5163-X,FENNER,Standard specification as per IS/ISO. Dimension: 56mm. Material: SS316.
GAIL,FLANGE  GASKET  150#  100MM  NB  SPIRAL  WOUND  NON  ASBESTOS (BOQ1 REF),MAT5267672,1272,MTR,PN-5405-Y,OEM,Standard specification as per IS/ISO. Dimension: 277mm. Material: SS304.
Coal India (BCCL),hydraulic  hose  1  inch  r2  10  meters  with  fittings   REQ AS PER ATTACHED SPEC,MAT9946155,2470,PAIR,PN-1546-X,KOMATSU,Standard specification as per IS/ISO. Dimension: 83mm. Material: MS.
NTPC,bull  dozer  track  chain  assembly  39  links **OEM ONLY**,MAT6683190,1424,NOS,PN-5592-Z,FAG,Standard specification as per IS/ISO. Dimension: 217mm. Material: Brass.
ONGC,bull  dozer  track  chain  assembly  39  links (BOQ1 REF),MAT6626558,1746,ROLL,PN-1531-Y,ESCO,Standard specification as per IS/ISO. Dimension: 204mm. Material: Brass.
ONGC,gate  valve  2  inch  800#  forged  steel  a105 (BOQ1 REF),MAT2639079,2271,ROLL,PN-9332-Z,PIX,Standard specification as per IS/ISO. Dimension: 13mm. Material: Rubber.
HEC,INDUSTRIAL HEATER 2KW 230V TUBULAR TYPE,MAT1827007,2276,ROLL,PN-2801-Z,ANY REPUTED MAKE,Standard specification as per IS/ISO. Dimension: 206mm. Material: Rubber.
Coal India (Central Coalfields Limited),oxygen gas cylinder refill industrial grade,MAT9433061,668,ROLL,PN-9816-B,SKF,Standard specification as per IS/ISO. Dimension: 62mm. Material: Brass.
ONGC,bull dozer track chain assembly 39 links,MAT9265585,4208,ROLL,PN-4464-A,ESCO,Standard specification as per IS/ISO. Dimension: 170mm. Material: SS316.
BHEL,m.s. hex bolt & nut m16x65mm long is:1363,MAT6967093,336,LTR,PN-2090-Z,ANY REPUTED MAKE,Standard specification as per IS/ISO. Dimension: 192mm. Material: SS304.
NTPC,ball valve 1 inch ss316 1000 wog ptfe seat,MAT4720095,2744,LTR,PN-6790-Y,BOSCH,Standard specification as per IS/ISO. Dimension: 170mm. Material: MS.
GAIL,high  tensile  bolt  m24  x  100mm  grade  8.8  galvanized **OEM ONLY**,MAT1359967,377,SET,N/A,L&T,Standard specification as per IS/ISO. Dimension: 53mm. Material: Alloy Steel.
BHEL,bearing ball radial 6205 2rs skf/fag make only,MAT4878994,4933,MTR,N/A,ABB,Standard specification as per IS/ISO. Dimension: 275mm. Material: MS.
NTPC,oxygen gas cylinder refill industrial grade,MAT4140710,736,BTL,PN-7246-B,ESCO,Standard specification as per IS/ISO. Dimension: 266mm. Material: Brass.
Coal India (BCCL),V BELT C-120 FENNER PIX ONLY FOR CRUSHER DRIVE,MAT4393211,864,ROLL,N/A,SIEMENS,Standard specification as per IS/ISO. Dimension: 282mm. Material: Brass.
IOCL,ball valve 1 inch ss316 1000 wog ptfe seat,MAT1353774,1198,NOS,PN-3235-Z,ANY REPUTED MAKE,Standard specification as per IS/ISO. Dimension: 171mm. Material: MS.
Coal India (BCCL),wire rope 16mm dia 6x36 fmc rhrl ungalvanized,MAT7048497,1913,LTR,PN-6427-Y,SIEMENS,Standard specification as per IS/ISO. Dimension: 252mm. Material: SS304.
GAIL,TAPER  ROLLER  BEARING  32218  J2/Q   REQ AS PER ATTACHED SPEC,MAT3329469,3014,KGS,N/A,ANY REPUTED MAKE,Standard specification as per IS/ISO. Dimension: 176mm. Material: SS304.
ONGC,FILTER LUBE OIL FOR CUMMINS ENGINE KTA19,MAT2092682,1937,ROLL,N/A,BOSCH,Standard specification as per IS/ISO. Dimension: 27mm. Material: SS304.
GAIL,roller bearing spherical 22316 ek c3,MAT8274764,4270,NOS,N/A,ANY REPUTED MAKE,Standard specification as per IS/ISO. Dimension: 130mm. Material: SS304.
GAIL,SUBMERSIBLE PUMP 5HP 3 PHASE 415V,MAT8143396,3278,NOS,PN-6969-Z,BOSCH,Standard specification as per IS/ISO. Dimension: 142mm. Material: SS316.
Coal India (Central Coalfields Limited),rubber conveyor belt 800mm wide ep 400/3,MAT7558828,1890,LTR,PN-5869-A,KOMATSU,Standard specification as per IS/ISO. Dimension: 185mm. Material: MS.
HEC,v belt c-120 fenner pix only for crusher drive,MAT7481582,195,NOS,PN-9094-B,ABB,Standard specification as per IS/ISO. Dimension: 20mm. Material: Rubber.
NTPC,ROLLER  BEARING  SPHERICAL  22316  EK  C3 (BOQ1 REF),MAT1576989,3539,BTL,PN-7634-B,FENNER,Standard specification as per IS/ISO. Dimension: 258mm. Material: SS316.
Coal India (Central Coalfields Limited),SUBMERSIBLE PUMP 5HP 3 PHASE 415V,MAT3973521,294,NOS,PN-6667-Z,ANY REPUTED MAKE,Standard specification as per IS/ISO. Dimension: 191mm. Material: Brass.
ONGC,CONTACTOR 3 POLE 400V 63A L&T/SIEMENS,MAT3795498,670,BTL,PN-6593-A,PIX,Standard specification as per IS/ISO. Dimension: 88mm. Material: MS.
Coal India (Central Coalfields Limited),welding electrode e7018 3.15mm x 450mm,MAT2349467,3252,NOS,PN-9582-Y,CUMMINS,Standard specification as per IS/ISO. Dimension: 245mm. Material: Alloy Steel.
GAIL,FLANGE GASKET 150# 100MM NB SPIRAL WOUND NON ASBESTOS,MAT6042688,4397,MTR,PN-7423-X,TVS,Standard specification as per IS/ISO. Dimension: 43mm. Material: SS304.
Coal India (Central Coalfields Limited),oxygen gas cylinder refill industrial grade,MAT3977488,245,PAIR,PN-4231-Y,ESCO,Standard specification as per IS/ISO. Dimension: 160mm. Material: MS.
GAIL,hydraulic hose 1 inch r2 10 meters with fittings,MAT5711008,4621,MTR,PN-2223-X,SKF,Standard specification as per IS/ISO. Dimension: 33mm. Material: Brass.
Coal India (BCCL),SAFETY SHOE MENS BLACK SIZE 9 LEATHER CE APPROVED,MAT2951348,408,KGS,N/A,ANY REPUTED MAKE,Standard specification as per IS/ISO. Dimension: 27mm. Material: Brass.
IOCL,FLANGE GASKET 150# 100MM NB SPIRAL WOUND NON ASBESTOS,MAT2638974,2954,BTL,PN-4766-B,OEM,Standard specification as per IS/ISO. Dimension: 296mm. Material: SS316.
IOCL,o-ring p/n 87654321 for komatsu dumper hemm spare,MAT7574015,4579,BTL,PN-8410-X,ANY REPUTED MAKE,Standard specification as per IS/ISO. Dimension: 279mm. Material: SS316.
Coal India (BCCL),hydraulic hose 1 inch r2 10 meters with fittings,MAT7731107,3338,MT,PN-4058-A,FAG,Standard specification as per IS/ISO. Dimension: 250mm. Material: Alloy Steel.
ONGC,SUBMERSIBLE PUMP 5HP 3 PHASE 415V,MAT3602467,4988,PAIR,PN-7486-X,CG,Standard specification as per IS/ISO. Dimension: 239mm. Material: SS316.
IOCL,TAPER ROLLER BEARING 32218 J2/Q,MAT9610174,956,MT,PN-9016-X,BOSCH,Standard specification as per IS/ISO. Dimension: 266mm. Material: SS316.
BHEL,FILTER LUBE OIL FOR CUMMINS ENGINE KTA19,MAT2082354,534,MTR,PN-9664-B,KOMATSU,Standard specification as per IS/ISO. Dimension: 55mm. Material: Alloy Steel.
HEC,taper roller bearing 32218 j2/q,MAT5290875,3989,ROLL,PN-8785-X,ESCO,Standard specification as per IS/ISO. Dimension: 141mm. Material: Brass.
NTPC,MCB 4 POLE 63 AMP C CURVE 10KA,MAT5314077,2344,NOS,PN-7086-X,ABB,Standard specification as per IS/ISO. Dimension: 218mm. Material: Brass.
BHEL,SAFETY  SHOE  MENS  BLACK  SIZE  9  LEATHER  CE  APPROVED - URGENT REQ,MAT4512209,1610,BTL,PN-5380-Y,L&T,Standard specification as per IS/ISO. Dimension: 50mm. Material: Brass.
BHEL,welding  electrode  e7018  3.15mm  x  450mm **OEM ONLY**,MAT8454608,1515,PAIR,N/A,ANY REPUTED MAKE,Standard specification as per IS/ISO. Dimension: 220mm. Material: SS316.
BHEL,TRANSFORMER OIL EHV GRADE IN 209 LTR BARREL,MAT8557663,2058,SET,PN-2960-B,ESCO,Standard specification as per IS/ISO. Dimension: 245mm. Material: Brass.
GAIL,GATE  VALVE  2  INCH  800#  FORGED  STEEL  A105 **OEM ONLY**,MAT9735252,2611,NOS,N/A,SKF,Standard specification as per IS/ISO. Dimension: 250mm. Material: Rubber.
IOCL,bull  dozer  track  chain  assembly  39  links - URGENT REQ,MAT2166724,2800,KGS,N/A,ANY REPUTED MAKE,Standard specification as per IS/ISO. Dimension: 45mm. Material: SS316.
ONGC,MCB  4  POLE  63  AMP  C  CURVE  10KA - URGENT REQ,MAT1893238,4395,BTL,PN-3923-B,ANY REPUTED MAKE,Standard specification as per IS/ISO. Dimension: 299mm. Material: Rubber.
Coal India (Central Coalfields Limited),MCB 4 POLE 63 AMP C CURVE 10KA,MAT5302922,2242,MT,PN-9020-A,PHILIPS,Standard specification as per IS/ISO. Dimension: 232mm. Material: Alloy Steel.
GAIL,flange gasket 150# 100mm nb spiral wound non asbestos,MAT1535738,3750,NOS,N/A,PHILIPS,Standard specification as per IS/ISO. Dimension: 103mm. Material: SS304.
HEC,ball valve 1 inch ss316 1000 wog ptfe seat,MAT4754080,4837,BTL,PN-5159-X,UNBRAKO,Standard specification as per IS/ISO. Dimension: 255mm. Material: SS316.
IOCL,taper roller bearing 32218 j2/q,MAT7597509,2777,PAIR,PN-1435-A,FAG,Standard specification as per IS/ISO. Dimension: 214mm. Material: MS.
Coal India (BCCL),oxygen gas cylinder refill industrial grade,MAT4587262,3016,NOS,PN-2431-X,BEML,Standard specification as per IS/ISO. Dimension: 214mm. Material: Brass.
NTPC,FILTER  LUBE  OIL  FOR  CUMMINS  ENGINE  KTA19   REQ AS PER ATTACHED SPEC,MAT8095962,1726,MT,PN-1055-B,BOSCH,Standard specification as per IS/ISO. Dimension: 161mm. Material: Alloy Steel.
IOCL,flange  gasket  150#  100mm  nb  spiral  wound  non  asbestos **OEM ONLY**,MAT2735495,2218,MTR,PN-4381-B,ANY REPUTED MAKE,Standard specification as per IS/ISO. Dimension: 22mm. Material: MS.
Coal India (BCCL),roller  bearing  spherical  22316  ek  c3 **OEM ONLY**,MAT9455325,1085,NOS,PN-2905-A,L&T,Standard specification as per IS/ISO. Dimension: 270mm. Material: SS304.
Coal India (BCCL),industrial heater 2kw 230v tubular type,MAT9102987,3976,ROLL,PN-7183-B,ABB,Standard specification as per IS/ISO. Dimension: 109mm. Material: MS.
IOCL,roller  bearing  spherical  22316  ek  c3   REQ AS PER ATTACHED SPEC,MAT9847966,4918,ROLL,N/A,ANY REPUTED MAKE,Standard specification as per IS/ISO. Dimension: 210mm. Material: SS316.
HEC,PRESSURE GAUGE 0-100 KG/CM2 150MM DIAL BOTTOM ENTRY,MAT5820633,2563,BTL,PN-6235-X,UNBRAKO,Standard specification as per IS/ISO. Dimension: 48mm. Material: Alloy Steel.
Coal India (Central Coalfields Limited),transformer oil ehv grade in 209 ltr barrel,MAT7411061,4587,ROLL,PN-6539-A,UNBRAKO,Standard specification as per IS/ISO. Dimension: 154mm. Material: SS316.
BHEL,filter lube oil for cummins engine kta19,MAT8133504,3073,NOS,PN-2983-Z,SIEMENS,Standard specification as per IS/ISO. Dimension: 213mm. Material: SS316.
GAIL,wire rope 16mm dia 6x36 fmc rhrl ungalvanized,MAT9951368,2337,KGS,PN-6901-B,SIEMENS,Standard specification as per IS/ISO. Dimension: 109mm. Material: SS316.
Coal India (Central Coalfields Limited),bearing  ball  radial  6205  2rs  skf/fag  make  only   REQ AS PER ATTACHED SPEC,MAT4445505,4294,MTR,N/A,PHILIPS,Standard specification as per IS/ISO. Dimension: 76mm. Material: Rubber.
ONGC,O-RING  P/N  87654321  FOR  KOMATSU  DUMPER  HEMM  SPARE - URGENT REQ,MAT3367042,3271,ROLL,PN-6644-Y,ANY REPUTED MAKE,Standard specification as per IS/ISO. Dimension: 54mm. Material: Brass.
ONGC,roller bearing spherical 22316 ek c3,MAT2768582,3437,NOS,PN-4086-Y,TVS,Standard specification as per IS/ISO. Dimension: 114mm. Material: MS.
BHEL,safety shoe mens black size 9 leather ce approved,MAT7616631,3863,NOS,PN-8532-Z,ANY REPUTED MAKE,Standard specification as per IS/ISO. Dimension: 14mm. Material: SS316.
ONGC,pressure  gauge  0-100  kg/cm2  150mm  dial  bottom  entry **OEM ONLY**,MAT3339173,1958,SET,PN-1747-A,TVS,Standard specification as per IS/ISO. Dimension: 93mm. Material: Rubber.
BHEL,diesel  exhaust  fluid  def  aus  32 - URGENT REQ,MAT9681954,2292,ROLL,PN-2790-B,UNBRAKO,Standard specification as per IS/ISO. Dimension: 51mm. Material: MS.
NTPC,ball  valve  1  inch  ss316  1000  wog  ptfe  seat   REQ AS PER ATTACHED SPEC,MAT3702450,3980,MT,PN-9924-A,FENNER,Standard specification as per IS/ISO. Dimension: 82mm. Material: SS316.
HEC,wire rope 16mm dia 6x36 fmc rhrl ungalvanized,MAT6809019,286,PAIR,PN-6116-B,ESCO,Standard specification as per IS/ISO. Dimension: 31mm. Material: MS.
HEC,SUBMERSIBLE PUMP 5HP 3 PHASE 415V,MAT5540036,3178,NOS,N/A,FENNER,Standard specification as per IS/ISO. Dimension: 210mm. Material: Rubber.
Coal India (BCCL),TAPER ROLLER BEARING 32218 J2/Q,MAT6673266,3982,MTR,N/A,ESCO,Standard specification as per IS/ISO. Dimension: 179mm. Material: SS316.
NTPC,bull dozer track chain assembly 39 links,MAT1551177,2008,ROLL,PN-2919-X,ANY REPUTED MAKE,Standard specification as per IS/ISO. Dimension: 248mm. Material: Rubber.
BHEL,V BELT C-120 FENNER PIX ONLY FOR CRUSHER DRIVE,MAT7595137,1745,MT,N/A,ABB,Standard specification as per IS/ISO. Dimension: 249mm. Material: SS316.
Coal India (BCCL),RUBBER CONVEYOR BELT 800MM WIDE EP 400/3,MAT7809827,3683,PAIR,PN-6911-Z,BOSCH,Standard specification as per IS/ISO. Dimension: 37mm. Material: Brass.
Coal India (BCCL),contactor 3 pole 400v 63a l&t/siemens,MAT1903835,376,BTL,N/A,FAG,Standard specification as per IS/ISO. Dimension: 73mm. Material: Alloy Steel.
ONGC,air  filter  element  outer  &  inner  for  beml  dumper - URGENT REQ,MAT8961868,4945,MTR,PN-4623-B,KOMATSU,Standard specification as per IS/ISO. Dimension: 281mm. Material: SS304.
NTPC,lubricating oil servo system 68 in 210 ltr drum,MAT6178959,2721,ROLL,PN-3343-Y,BOSCH,Standard specification as per IS/ISO. Dimension: 136mm. Material: Brass.
GAIL,welding electrode e7018 3.15mm x 450mm,MAT2544168,87,LTR,PN-2799-B,ANY REPUTED MAKE,Standard specification as per IS/ISO. Dimension: 269mm. Material: Rubber.
NTPC,SAFETY SHOE MENS BLACK SIZE 9 LEATHER CE APPROVED,MAT5944543,1292,ROLL,PN-5610-Z,PIX,Standard specification as per IS/ISO. Dimension: 91mm. Material: Rubber.
HEC,RUBBER CONVEYOR BELT 800MM WIDE EP 400/3,MAT6511372,3693,BTL,PN-3993-Y,ESCO,Standard specification as per IS/ISO. Dimension: 277mm. Material: Alloy Steel.
BHEL,BEARING  BALL  RADIAL  6205  2RS  SKF/FAG  MAKE  ONLY (BOQ1 REF),MAT7133174,474,BTL,PN-9106-X,ESCO,Standard specification as per IS/ISO. Dimension: 248mm. Material: MS.
Coal India (Central Coalfields Limited),rubber conveyor belt 800mm wide ep 400/3,MAT4360568,840,MT,PN-4220-A,ABB,Standard specification as per IS/ISO. Dimension: 105mm. Material: Brass.
ONGC,roller bearing spherical 22316 ek c3,MAT7962115,3641,SET,N/A,ANY REPUTED MAKE,Standard specification as per IS/ISO. Dimension: 46mm. Material: Rubber.
GAIL,seal kit for hydraulic cylinder beml dozer,MAT4097769,4106,MT,N/A,SKF,Standard specification as per IS/ISO. Dimension: 85mm. Material: Brass.
GAIL,LED  FLOOD  LIGHT  200W  IP66  6500K  CG/PHILIPS - URGENT REQ,MAT7678222,1218,BTL,N/A,BOSCH,Standard specification as per IS/ISO. Dimension: 191mm. Material: Brass.
ONGC,roller bearing spherical 22316 ek c3,MAT8464140,3008,NOS,PN-4301-Z,ABB,Standard specification as per IS/ISO. Dimension: 270mm. Material: Alloy Steel.
GAIL,BALL VALVE 1 INCH SS316 1000 WOG PTFE SEAT,MAT1886374,3246,ROLL,PN-1206-Z,PIX,Standard specification as per IS/ISO. Dimension: 117mm. Material: SS316.
GAIL,BULL DOZER TRACK CHAIN ASSEMBLY 39 LINKS,MAT6788340,3938,ROLL,PN-2514-X,ESCO,Standard specification as per IS/ISO. Dimension: 293mm. Material: SS304.
BHEL,m.s. hex bolt & nut m16x65mm long is:1363,MAT4229539,216,ROLL,PN-5397-X,PHILIPS,Standard specification as per IS/ISO. Dimension: 270mm. Material: SS304.
BHEL,BALL  VALVE  1  INCH  SS316  1000  WOG  PTFE  SEAT **OEM ONLY**,MAT5678897,3926,MT,PN-5704-B,PHILIPS,Standard specification as per IS/ISO. Dimension: 182mm. Material: Rubber.
NTPC,MCB 4 POLE 63 AMP C CURVE 10KA,MAT7585531,2453,SET,PN-7352-X,SIEMENS,Standard specification as per IS/ISO. Dimension: 285mm. Material: Alloy Steel.
Coal India (Central Coalfields Limited),submersible pump 5hp 3 phase 415v,MAT9833764,3711,MTR,N/A,ESCO,Standard specification as per IS/ISO. Dimension: 297mm. Material: SS304.
Coal India (BCCL),bearing  ball  radial  6205  2rs  skf/fag  make  only **OEM ONLY**,MAT7041382,423,SET,PN-9163-Y,FENNER,Standard specification as per IS/ISO. Dimension: 119mm. Material: Brass.
IOCL,industrial heater 2kw 230v tubular type,MAT7578799,1136,MT,N/A,ABB,Standard specification as per IS/ISO. Dimension: 100mm. Material: SS304.
Coal India (BCCL),HYDRAULIC  HOSE  1  INCH  R2  10  METERS  WITH  FITTINGS   REQ AS PER ATTACHED SPEC,MAT8761350,2269,LTR,PN-7819-Z,UNBRAKO,Standard specification as per IS/ISO. Dimension: 231mm. Material: Alloy Steel.
BHEL,pressure  gauge  0-100  kg/cm2  150mm  dial  bottom  entry - URGENT REQ,MAT5272777,3889,MTR,PN-5651-Y,CUMMINS,Standard specification as per IS/ISO. Dimension: 143mm. Material: SS316.
HEC,INDUSTRIAL  HEATER  2KW  230V  TUBULAR  TYPE   REQ AS PER ATTACHED SPEC,MAT6958697,1474,ROLL,PN-3148-Z,CUMMINS,Standard specification as per IS/ISO. Dimension: 265mm. Material: Alloy Steel.
Coal India (Central Coalfields Limited),oxygen  gas  cylinder  refill  industrial  grade **OEM ONLY**,MAT8765120,194,BTL,PN-4802-Y,SIEMENS,Standard specification as per IS/ISO. Dimension: 265mm. Material: SS316.
ONGC,transformer oil ehv grade in 209 ltr barrel,MAT2049092,2125,MT,N/A,KOMATSU,Standard specification as per IS/ISO. Dimension: 200mm. Material: SS304.
BHEL,o-ring  p/n  87654321  for  komatsu  dumper  hemm  spare   REQ AS PER ATTACHED SPEC,MAT1893523,3623,MTR,N/A,ESCO,Standard specification as per IS/ISO. Dimension: 103mm. Material: MS.
BHEL,pressure  gauge  0-100  kg/cm2  150mm  dial  bottom  entry **OEM ONLY**,MAT7248430,3065,NOS,PN-5828-B,ESCO,Standard specification as per IS/ISO. Dimension: 132mm. Material: Rubber.
Coal India (Central Coalfields Limited),ss  tube  1/2  inch  od  x  1.2mm  thk  astm  a213 - URGENT REQ,MAT9287864,3018,NOS,PN-1981-X,FAG,Standard specification as per IS/ISO. Dimension: 110mm. Material: SS316.
GAIL,wire  rope  16mm  dia  6x36  fmc  rhrl  ungalvanized   REQ AS PER ATTACHED SPEC,MAT1000670,1616,MTR,N/A,BOSCH,Standard specification as per IS/ISO. Dimension: 298mm. Material: Brass.
GAIL,led flood light 200w ip66 6500k cg/philips,MAT1843170,3491,BTL,PN-8674-Y,PIX,Standard specification as per IS/ISO. Dimension: 134mm. Material: Alloy Steel.
GAIL,o-ring p/n 87654321 for komatsu dumper hemm spare,MAT8386889,4736,ROLL,PN-5544-A,SIEMENS,Standard specification as per IS/ISO. Dimension: 128mm. Material: Brass.
Coal India (Central Coalfields Limited),ROLLER  BEARING  SPHERICAL  22316  EK  C3   REQ AS PER ATTACHED SPEC,MAT5335981,2644,KGS,PN-7646-X,ABB,Standard specification as per IS/ISO. Dimension: 53mm. Material: Brass.
HEC,ss tube 1/2 inch od x 1.2mm thk astm a213,MAT9512672,3303,BTL,PN-6267-A,CG,Standard specification as per IS/ISO. Dimension: 161mm. Material: MS.
BHEL,TRANSFORMER OIL EHV GRADE IN 209 LTR BARREL,MAT8538144,1656,MT,PN-2550-Z,ABB,Standard specification as per IS/ISO. Dimension: 40mm. Material: Alloy Steel.
GAIL,OXYGEN  GAS  CYLINDER  REFILL  INDUSTRIAL  GRADE **OEM ONLY**,MAT3056450,2760,NOS,PN-8457-X,FENNER,Standard specification as per IS/ISO. Dimension: 65mm. Material: SS304.
ONGC,ss tube 1/2 inch od x 1.2mm thk astm a213,MAT9479894,3927,ROLL,PN-7102-X,OEM,Standard specification as per IS/ISO. Dimension: 100mm. Material: SS304.
IOCL,roller bearing spherical 22316 ek c3,MAT2210030,2629,LTR,N/A,KOMATSU,Standard specification as per IS/ISO. Dimension: 24mm. Material: SS316.
IOCL,pressure gauge 0-100 kg/cm2 150mm dial bottom entry,MAT3542329,2598,NOS,PN-4164-Z,CG,Standard specification as per IS/ISO. Dimension: 159mm. Material: MS.
BHEL,filter lube oil for cummins engine kta19,MAT7004858,816,PAIR,PN-9705-Z,ABB,Standard specification as per IS/ISO. Dimension: 130mm. Material: SS316.
IOCL,diesel  exhaust  fluid  def  aus  32 (BOQ1 REF),MAT2575185,265,LTR,PN-5560-X,PIX,Standard specification as per IS/ISO. Dimension: 218mm. Material: Alloy Steel.
BHEL,M.S. HEX BOLT & NUT M16X65MM LONG IS:1363,MAT8669329,4933,NOS,N/A,ANY REPUTED MAKE,Standard specification as per IS/ISO. Dimension: 167mm. Material: SS316.
Coal India (Central Coalfields Limited),DIESEL EXHAUST FLUID DEF AUS 32,MAT7642872,480,ROLL,N/A,SIEMENS,Standard specification as per IS/ISO. Dimension: 35mm. Material: SS304.
GAIL,RUBBER CONVEYOR BELT 800MM WIDE EP 400/3,MAT7145600,3845,ROLL,PN-9576-Y,CUMMINS,Standard specification as per IS/ISO. Dimension: 149mm. Material: MS.
Coal India (BCCL),V BELT C-120 FENNER PIX ONLY FOR CRUSHER DRIVE,MAT6253180,4032,ROLL,PN-8240-B,FENNER,Standard specification as per IS/ISO. Dimension: 62mm. Material: MS.
BHEL,SAFETY  SHOE  MENS  BLACK  SIZE  9  LEATHER  CE  APPROVED   REQ AS PER ATTACHED SPEC,MAT1426347,900,MTR,PN-9600-B,CUMMINS,Standard specification as per IS/ISO. Dimension: 96mm. Material: MS.
GAIL,DIESEL  EXHAUST  FLUID  DEF  AUS  32   REQ AS PER ATTACHED SPEC,MAT4455163,2090,LTR,PN-3484-A,FENNER,Standard specification as per IS/ISO. Dimension: 276mm. Material: Alloy Steel.
HEC,MCB 4 POLE 63 AMP C CURVE 10KA,MAT5199261,467,LTR,PN-5322-Y,SIEMENS,Standard specification as per IS/ISO. Dimension: 156mm. Material: SS304.
BHEL,bull dozer track chain assembly 39 links,MAT9346269,2461,LTR,N/A,TVS,Standard specification as per IS/ISO. Dimension: 75mm. Material: Brass.
HEC,ss tube 1/2 inch od x 1.2mm thk astm a213,MAT4203794,1698,SET,PN-1429-B,SKF,Standard specification as per IS/ISO. Dimension: 92mm. Material: Brass.
HEC,led flood light 200w ip66 6500k cg/philips,MAT7780302,2640,SET,PN-6529-X,UNBRAKO,Standard specification as per IS/ISO. Dimension: 261mm. Material: SS316.
NTPC,diesel exhaust fluid def aus 32,MAT8698046,4469,PAIR,PN-7674-Y,ANY REPUTED MAKE,Standard specification as per IS/ISO. Dimension: 90mm. Material: MS.
NTPC,SAFETY SHOE MENS BLACK SIZE 9 LEATHER CE APPROVED,MAT8269366,441,KGS,PN-5182-A,PHILIPS,Standard specification as per IS/ISO. Dimension: 139mm. Material: Brass.
HEC,SS TUBE 1/2 INCH OD X 1.2MM THK ASTM A213,MAT3852790,2270,LTR,PN-3270-Y,ANY REPUTED MAKE,Standard specification as per IS/ISO. Dimension: 223mm. Material: MS.
HEC,FLANGE  GASKET  150#  100MM  NB  SPIRAL  WOUND  NON  ASBESTOS - URGENT REQ,MAT2744152,4013,NOS,PN-3462-Y,ANY REPUTED MAKE,Standard specification as per IS/ISO. Dimension: 19mm. Material: Rubber.
GAIL,o-ring  p/n  87654321  for  komatsu  dumper  hemm  spare (BOQ1 REF),MAT3479705,3058,BTL,PN-5422-Z,ANY REPUTED MAKE,Standard specification as per IS/ISO. Dimension: 61mm. Material: SS316.
GAIL,wire rope 16mm dia 6x36 fmc rhrl ungalvanized,MAT5084737,3284,MTR,PN-9278-B,ESCO,Standard specification as per IS/ISO. Dimension: 133mm. Material: Brass.
Coal India (BCCL),bearing ball radial 6205 2rs skf/fag make only,MAT8271594,4837,SET,PN-9247-Z,TVS,Standard specification as per IS/ISO. Dimension: 30mm. Material: Brass.
BHEL,m.s. hex bolt & nut m16x65mm long is:1363,MAT6326538,934,NOS,PN-5137-A,ANY REPUTED MAKE,Standard specification as per IS/ISO. Dimension: 137mm. Material: SS316.
Coal India (Central Coalfields Limited),bearing ball radial 6205 2rs skf/fag make only,MAT7007270,2773,MT,PN-1732-A,L&T,Standard specification as per IS/ISO. Dimension: 58mm. Material: MS.
NTPC,contactor  3  pole  400v  63a  l&t/siemens (BOQ1 REF),MAT5479967,2460,BTL,N/A,PHILIPS,Standard specification as per IS/ISO. Dimension: 141mm. Material: SS304.
Coal India (Central Coalfields Limited),ss tube 1/2 inch od x 1.2mm thk astm a213,MAT7331951,3531,ROLL,PN-4736-Z,ABB,Standard specification as per IS/ISO. Dimension: 166mm. Material: SS316.
IOCL,INDUSTRIAL  HEATER  2KW  230V  TUBULAR  TYPE (BOQ1 REF),MAT5059708,4111,ROLL,N/A,FENNER,Standard specification as per IS/ISO. Dimension: 202mm. Material: SS304.
NTPC,seal  kit  for  hydraulic  cylinder  beml  dozer **OEM ONLY**,MAT6806900,2005,PAIR,PN-7766-X,PHILIPS,Standard specification as per IS/ISO. Dimension: 48mm. Material: SS304.
Coal India (Central Coalfields Limited),SUBMERSIBLE PUMP 5HP 3 PHASE 415V,MAT4522286,3173,PAIR,PN-9825-Y,FENNER,Standard specification as per IS/ISO. Dimension: 14mm. Material: Brass.
IOCL,V  BELT  C-120  FENNER  PIX  ONLY  FOR  CRUSHER  DRIVE - URGENT REQ,MAT7021104,3908,LTR,PN-9083-X,ANY REPUTED MAKE,Standard specification as per IS/ISO. Dimension: 151mm. Material: MS.
NTPC,M.S. HEX BOLT & NUT M16X65MM LONG IS:1363,MAT8144929,1230,SET,PN-7537-A,ESCO,Standard specification as per IS/ISO. Dimension: 239mm. Material: MS.
IOCL,SEAL KIT FOR HYDRAULIC CYLINDER BEML DOZER,MAT1823216,2603,BTL,N/A,FENNER,Standard specification as per IS/ISO. Dimension: 238mm. Material: MS.
Coal India (Central Coalfields Limited),TRANSFORMER OIL EHV GRADE IN 209 LTR BARREL,MAT8081406,3561,NOS,PN-6068-X,FENNER,Standard specification as per IS/ISO. Dimension: 254mm. Material: SS316.
IOCL,m.s. hex bolt & nut m16x65mm long is:1363,MAT6181374,1423,ROLL,PN-8836-X,PHILIPS,Standard specification as per IS/ISO. Dimension: 140mm. Material: SS316.
BHEL,pressure gauge 0-100 kg/cm2 150mm dial bottom entry,MAT9424560,3269,ROLL,PN-8071-A,PIX,Standard specification as per IS/ISO. Dimension: 132mm. Material: Rubber.
Coal India (Central Coalfields Limited),industrial heater 2kw 230v tubular type,MAT9774766,2697,LTR,PN-9171-B,OEM,Standard specification as per IS/ISO. Dimension: 58mm. Material: Alloy Steel.
IOCL,pressure gauge 0-100 kg/cm2 150mm dial bottom entry,MAT6336027,4795,ROLL,PN-2546-Z,ESCO,Standard specification as per IS/ISO. Dimension: 297mm. Material: Rubber.
GAIL,air  filter  element  outer  &  inner  for  beml  dumper **OEM ONLY**,MAT9041868,4292,MT,PN-1188-A,L&T,Standard specification as per IS/ISO. Dimension: 294mm. Material: MS.
IOCL,MCB  4  POLE  63  AMP  C  CURVE  10KA - URGENT REQ,MAT6236114,1155,MTR,N/A,BEML,Standard specification as per IS/ISO. Dimension: 287mm. Material: SS316.
IOCL,SEAL  KIT  FOR  HYDRAULIC  CYLINDER  BEML  DOZER (BOQ1 REF),MAT9594987,938,MTR,PN-6823-Z,OEM,Standard specification as per IS/ISO. Dimension: 235mm. Material: Rubber.
ONGC,INDUSTRIAL HEATER 2KW 230V TUBULAR TYPE,MAT9226162,1586,SET,PN-4677-X,ANY REPUTED MAKE,Standard specification as per IS/ISO. Dimension: 196mm. Material: Alloy Steel.
HEC,hydraulic hose 1 inch r2 10 meters with fittings,MAT2313142,259,LTR,PN-8709-B,OEM,Standard specification as per IS/ISO. Dimension: 67mm. Material: Rubber.
IOCL,GATE VALVE 2 INCH 800# FORGED STEEL A105,MAT5533201,1149,ROLL,PN-6615-A,SIEMENS,Standard specification as per IS/ISO. Dimension: 99mm. Material: SS304.
Coal India (Central Coalfields Limited),diesel  exhaust  fluid  def  aus  32 (BOQ1 REF),MAT8346732,631,MTR,PN-8756-A,FENNER,Standard specification as per IS/ISO. Dimension: 130mm. Material: Alloy Steel.
NTPC,AIR FILTER ELEMENT OUTER & INNER FOR BEML DUMPER,MAT7427840,818,NOS,PN-6587-Z,TVS,Standard specification as per IS/ISO. Dimension: 38mm. Material: Brass.
IOCL,TAPER ROLLER BEARING 32218 J2/Q,MAT6582276,1801,BTL,PN-4078-X,OEM,Standard specification as per IS/ISO. Dimension: 40mm. Material: SS304.
HEC,ball valve 1 inch ss316 1000 wog ptfe seat,MAT6900013,2805,MT,N/A,ANY REPUTED MAKE,Standard specification as per IS/ISO. Dimension: 104mm. Material: MS.
BHEL,SEAL KIT FOR HYDRAULIC CYLINDER BEML DOZER,MAT7773130,2567,ROLL,PN-4443-X,ABB,Standard specification as per IS/ISO. Dimension: 286mm. Material: Rubber.
GAIL,welding  electrode  e7018  3.15mm  x  450mm   REQ AS PER ATTACHED SPEC,MAT1799485,438,BTL,PN-6865-Y,CUMMINS,Standard specification as per IS/ISO. Dimension: 57mm. Material: Rubber.
HEC,CONTACTOR 3 POLE 400V 63A L&T/SIEMENS,MAT5271963,2517,SET,PN-7974-Y,UNBRAKO,Standard specification as per IS/ISO. Dimension: 99mm. Material: MS.
NTPC,oxygen  gas  cylinder  refill  industrial  grade - URGENT REQ,MAT1350751,1314,SET,PN-2516-A,ANY REPUTED MAKE,Standard specification as per IS/ISO. Dimension: 98mm. Material: Alloy Steel.
BHEL,hydraulic  hose  1  inch  r2  10  meters  with  fittings - URGENT REQ,MAT3819406,1053,MTR,N/A,PIX,Standard specification as per IS/ISO. Dimension: 251mm. Material: MS.
Coal India (Central Coalfields Limited),pressure gauge 0-100 kg/cm2 150mm dial bottom entry,MAT4640136,3568,KGS,PN-4268-X,SIEMENS,Standard specification as per IS/ISO. Dimension: 141mm. Material: SS304.
Coal India (Central Coalfields Limited),contactor  3  pole  400v  63a  l&t/siemens - URGENT REQ,MAT4101937,4149,ROLL,PN-8064-Z,ESCO,Standard specification as per IS/ISO. Dimension: 69mm. Material: Brass.
Coal India (BCCL),bull dozer track chain assembly 39 links,MAT2857637,2626,SET,PN-6441-Y,ANY REPUTED MAKE,Standard specification as per IS/ISO. Dimension: 260mm. Material: MS.
NTPC,flange gasket 150# 100mm nb spiral wound non asbestos,MAT4729204,4632,BTL,PN-2925-A,CG,Standard specification as per IS/ISO. Dimension: 119mm. Material: SS304.
IOCL,GATE  VALVE  2  INCH  800#  FORGED  STEEL  A105 - URGENT REQ,MAT4408143,310,PAIR,PN-4305-Y,BOSCH,Standard specification as per IS/ISO. Dimension: 244mm. Material: MS.
Coal India (BCCL),O-RING  P/N  87654321  FOR  KOMATSU  DUMPER  HEMM  SPARE **OEM ONLY**,MAT8366399,3498,NOS,PN-5944-X,BEML,Standard specification as per IS/ISO. Dimension: 258mm. Material: Alloy Steel.
HEC,welding electrode e7018 3.15mm x 450mm,MAT3708556,4874,NOS,N/A,ANY REPUTED MAKE,Standard specification as per IS/ISO. Dimension: 64mm. Material: SS304.
NTPC,pressure  gauge  0-100  kg/cm2  150mm  dial  bottom  entry - URGENT REQ,MAT4013895,1296,NOS,N/A,OEM,Standard specification as per IS/ISO. Dimension: 197mm. Material: Brass.
NTPC,BALL  VALVE  1  INCH  SS316  1000  WOG  PTFE  SEAT **OEM ONLY**,MAT3676413,3421,MT,PN-8936-B,L&T,Standard specification as per IS/ISO. Dimension: 183mm. Material: Rubber.
ONGC,filter lube oil for cummins engine kta19,MAT2046313,3517,PAIR,PN-4709-X,SIEMENS,Standard specification as per IS/ISO. Dimension: 43mm. Material: SS316.
HEC,ball  valve  1  inch  ss316  1000  wog  ptfe  seat **OEM ONLY**,MAT1394219,3061,LTR,N/A,KOMATSU,Standard specification as per IS/ISO. Dimension: 285mm. Material: SS304.
IOCL,DIESEL  EXHAUST  FLUID  DEF  AUS  32   REQ AS PER ATTACHED SPEC,MAT3633228,1052,LTR,PN-6791-B,ANY REPUTED MAKE,Standard specification as per IS/ISO. Dimension: 287mm. Material: MS.
GAIL,BALL  VALVE  1  INCH  SS316  1000  WOG  PTFE  SEAT - URGENT REQ,MAT9318395,4160,NOS,PN-2895-Z,KOMATSU,Standard specification as per IS/ISO. Dimension: 260mm. Material: Alloy Steel.
Coal India (Central Coalfields Limited),hydraulic  hose  1  inch  r2  10  meters  with  fittings - URGENT REQ,MAT7286628,981,MT,N/A,L&T,Standard specification as per IS/ISO. Dimension: 90mm. Material: Brass.
BHEL,TRANSFORMER OIL EHV GRADE IN 209 LTR BARREL,MAT1156079,3977,MT,N/A,L&T,Standard specification as per IS/ISO. Dimension: 250mm. Material: Rubber.
Coal India (BCCL),SUBMERSIBLE  PUMP  5HP  3  PHASE  415V - URGENT REQ,MAT8605492,1861,KGS,PN-7828-X,FAG,Standard specification as per IS/ISO. Dimension: 31mm. Material: Rubber.
Coal India (BCCL),high tensile bolt m24 x 100mm grade 8.8 galvanized,MAT3376957,3822,MTR,PN-8007-X,UNBRAKO,Standard specification as per IS/ISO. Dimension: 126mm. Material: Alloy Steel.
NTPC,m.s. hex bolt & nut m16x65mm long is:1363,MAT6127847,1358,KGS,PN-5965-A,SKF,Standard specification as per IS/ISO. Dimension: 18mm. Material: MS.
Coal India (Central Coalfields Limited),pressure  gauge  0-100  kg/cm2  150mm  dial  bottom  entry **OEM ONLY**,MAT8091061,4225,PAIR,PN-6417-B,PHILIPS,Standard specification as per IS/ISO. Dimension: 54mm. Material: SS304.
Coal India (BCCL),taper  roller  bearing  32218  j2/q **OEM ONLY**,MAT6339364,4681,LTR,PN-5560-Z,TVS,Standard specification as per IS/ISO. Dimension: 255mm. Material: Rubber.
Coal India (Central Coalfields Limited),bearing ball radial 6205 2rs skf/fag make only,MAT6074508,2826,BTL,N/A,CUMMINS,Standard specification as per IS/ISO. Dimension: 239mm. Material: MS.
IOCL,LUBRICATING  OIL  SERVO  SYSTEM  68  IN  210  LTR  DRUM (BOQ1 REF),MAT7318726,2247,LTR,PN-9471-Y,ANY REPUTED MAKE,Standard specification as per IS/ISO. Dimension: 49mm. Material: Alloy Steel.
Coal India (Central Coalfields Limited),LUBRICATING OIL SERVO SYSTEM 68 IN 210 LTR DRUM,MAT1710191,360,ROLL,PN-9769-A,TVS,Standard specification as per IS/ISO. Dimension: 219mm. Material: SS304.
ONGC,INDUSTRIAL  HEATER  2KW  230V  TUBULAR  TYPE **OEM ONLY**,MAT6562549,4496,BTL,PN-1147-A,OEM,Standard specification as per IS/ISO. Dimension: 14mm. Material: MS.
HEC,lubricating  oil  servo  system  68  in  210  ltr  drum - URGENT REQ,MAT2086647,3683,NOS,PN-3895-A,KOMATSU,Standard specification as per IS/ISO. Dimension: 81mm. Material: Rubber.
ONGC,ss tube 1/2 inch od x 1.2mm thk astm a213,MAT8492597,4517,MT,PN-2813-B,PHILIPS,Standard specification as per IS/ISO. Dimension: 10mm. Material: SS304.
IOCL,TRANSFORMER OIL EHV GRADE IN 209 LTR BARREL,MAT8835196,4266,MT,N/A,KOMATSU,Standard specification as per IS/ISO. Dimension: 105mm. Material: SS304.
BHEL,taper roller bearing 32218 j2/q,MAT5004563,2950,LTR,PN-7927-A,KOMATSU,Standard specification as per IS/ISO. Dimension: 240mm. Material: Brass.
ONGC,MCB 4 POLE 63 AMP C CURVE 10KA,MAT5075783,4213,ROLL,PN-4362-X,SKF,Standard specification as per IS/ISO. Dimension: 201mm. Material: Alloy Steel.
GAIL,AIR  FILTER  ELEMENT  OUTER  &  INNER  FOR  BEML  DUMPER (BOQ1 REF),MAT8303930,4052,PAIR,N/A,ANY REPUTED MAKE,Standard specification as per IS/ISO. Dimension: 86mm. Material: MS.
ONGC,O-RING P/N 87654321 FOR KOMATSU DUMPER HEMM SPARE,MAT5792136,684,LTR,PN-3916-Z,BOSCH,Standard specification as per IS/ISO. Dimension: 258mm. Material: SS316.
NTPC,welding electrode e7018 3.15mm x 450mm,MAT5948935,443,MTR,PN-7318-A,ANY REPUTED MAKE,Standard specification as per IS/ISO. Dimension: 226mm. Material: SS316.
ONGC,seal  kit  for  hydraulic  cylinder  beml  dozer   REQ AS PER ATTACHED SPEC,MAT3907365,4261,PAIR,PN-6167-Z,ANY REPUTED MAKE,Standard specification as per IS/ISO. Dimension: 68mm. Material: SS304.
NTPC,SUBMERSIBLE PUMP 5HP 3 PHASE 415V,MAT8340319,1890,SET,PN-9916-A,L&T,Standard specification as per IS/ISO. Dimension: 187mm. Material: SS316.
IOCL,SS  TUBE  1/2  INCH  OD  X  1.2MM  THK  ASTM  A213 - URGENT REQ,MAT8451611,301,KGS,PN-8035-Y,L&T,Standard specification as per IS/ISO. Dimension: 183mm. Material: MS.
GAIL,taper roller bearing 32218 j2/q,MAT3477526,1590,MT,N/A,SIEMENS,Standard specification as per IS/ISO. Dimension: 195mm. Material: SS316.
Coal India (Central Coalfields Limited),oxygen  gas  cylinder  refill  industrial  grade - URGENT REQ,MAT4015810,4298,BTL,PN-8799-Y,CUMMINS,Standard specification as per IS/ISO. Dimension: 108mm. Material: Brass.
Coal India (BCCL),LED FLOOD LIGHT 200W IP66 6500K CG/PHILIPS,MAT5485012,3599,SET,PN-1524-Z,ESCO,Standard specification as per IS/ISO. Dimension: 232mm. Material: MS.
BHEL,hydraulic hose 1 inch r2 10 meters with fittings,MAT7427883,2967,KGS,PN-7057-Z,L&T,Standard specification as per IS/ISO. Dimension: 107mm. Material: SS316.
NTPC,BULL DOZER TRACK CHAIN ASSEMBLY 39 LINKS,MAT4898614,3561,BTL,PN-7241-Y,SKF,Standard specification as per IS/ISO. Dimension: 21mm. Material: SS304.
NTPC,BEARING  BALL  RADIAL  6205  2RS  SKF/FAG  MAKE  ONLY **OEM ONLY**,MAT9851862,28,BTL,N/A,CUMMINS,Standard specification as per IS/ISO. Dimension: 262mm. Material: SS304.
NTPC,safety shoe mens black size 9 leather ce approved,MAT7266184,3446,LTR,PN-9608-Y,ANY REPUTED MAKE,Standard specification as per IS/ISO. Dimension: 12mm. Material: SS316.
Coal India (Central Coalfields Limited),diesel exhaust fluid def aus 32,MAT2097171,593,MT,N/A,ANY REPUTED MAKE,Standard specification as per IS/ISO. Dimension: 112mm. Material: Rubber.
Coal India (Central Coalfields Limited),o-ring  p/n  87654321  for  komatsu  dumper  hemm  spare - URGENT REQ,MAT5422331,1386,LTR,N/A,PHILIPS,Standard specification as per IS/ISO. Dimension: 15mm. Material: SS316.
Coal India (Central Coalfields Limited),air  filter  element  outer  &  inner  for  beml  dumper   REQ AS PER ATTACHED SPEC,MAT5796120,4311,BTL,PN-4013-X,PHILIPS,Standard specification as per IS/ISO. Dimension: 144mm. Material: Brass.
Coal India (Central Coalfields Limited),mcb 4 pole 63 amp c curve 10ka,MAT2740359,2414,NOS,PN-7015-A,SKF,Standard specification as per IS/ISO. Dimension: 197mm. Material: Brass.
Coal India (BCCL),LUBRICATING  OIL  SERVO  SYSTEM  68  IN  210  LTR  DRUM (BOQ1 REF),MAT2800973,4221,MTR,PN-6536-A,TVS,Standard specification as per IS/ISO. Dimension: 177mm. Material: MS.
ONGC,M.S. HEX BOLT & NUT M16X65MM LONG IS:1363,MAT7241569,3557,LTR,N/A,TVS,Standard specification as per IS/ISO. Dimension: 186mm. Material: SS304.
Coal India (BCCL),LED FLOOD LIGHT 200W IP66 6500K CG/PHILIPS,MAT2590140,3598,NOS,PN-7897-Z,SIEMENS,Standard specification as per IS/ISO. Dimension: 23mm. Material: SS304.
HEC,transformer oil ehv grade in 209 ltr barrel,MAT3455034,1385,KGS,PN-8383-A,PIX,Standard specification as per IS/ISO. Dimension: 89mm. Material: Brass.
Coal India (BCCL),CONTACTOR 3 POLE 400V 63A L&T/SIEMENS,MAT2279505,3653,ROLL,PN-3028-B,L&T,Standard specification as per IS/ISO. Dimension: 39mm. Material: Brass.
HEC,RUBBER CONVEYOR BELT 800MM WIDE EP 400/3,MAT8342613,3207,NOS,PN-2666-B,CG,Standard specification as per IS/ISO. Dimension: 290mm. Material: MS.
GAIL,o-ring p/n 87654321 for komatsu dumper hemm spare,MAT4614957,558,BTL,PN-7457-A,L&T,Standard specification as per IS/ISO. Dimension: 33mm. Material: Brass.
IOCL,taper roller bearing 32218 j2/q,MAT8701744,887,LTR,N/A,ABB,Standard specification as per IS/ISO. Dimension: 115mm. Material: Alloy Steel.
NTPC,lubricating  oil  servo  system  68  in  210  ltr  drum **OEM ONLY**,MAT8836214,1056,MTR,PN-3642-B,L&T,Standard specification as per IS/ISO. Dimension: 148mm. Material: Alloy Steel.
ONGC,CONTACTOR 3 POLE 400V 63A L&T/SIEMENS,MAT5183492,2999,BTL,PN-6596-B,SIEMENS,Standard specification as per IS/ISO. Dimension: 283mm. Material: Rubber.
Coal India (BCCL),BULL  DOZER  TRACK  CHAIN  ASSEMBLY  39  LINKS   REQ AS PER ATTACHED SPEC,MAT7986841,2995,NOS,PN-7078-X,PHILIPS,Standard specification as per IS/ISO. Dimension: 12mm. Material: Brass.
BHEL,roller bearing spherical 22316 ek c3,MAT1549937,274,MT,N/A,CG,Standard specification as per IS/ISO. Dimension: 106mm. Material: SS316.
IOCL,MCB 4 POLE 63 AMP C CURVE 10KA,MAT3503674,787,NOS,PN-8340-X,CUMMINS,Standard specification as per IS/ISO. Dimension: 79mm. Material: MS.
NTPC,diesel exhaust fluid def aus 32,MAT9405249,901,KGS,PN-9409-B,ABB,Standard specification as per IS/ISO. Dimension: 282mm. Material: MS.
Coal India (BCCL),lubricating  oil  servo  system  68  in  210  ltr  drum **OEM ONLY**,MAT2886455,3498,MTR,N/A,BEML,Standard specification as per IS/ISO. Dimension: 264mm. Material: SS304.
BHEL,safety shoe mens black size 9 leather ce approved,MAT2565933,3931,SET,PN-5558-Z,OEM,Standard specification as per IS/ISO. Dimension: 233mm. Material: MS.
GAIL,FLANGE  GASKET  150#  100MM  NB  SPIRAL  WOUND  NON  ASBESTOS (BOQ1 REF),MAT2603334,2305,KGS,PN-9805-A,PIX,Standard specification as per IS/ISO. Dimension: 93mm. Material: SS316.
BHEL,contactor 3 pole 400v 63a l&t/siemens,MAT1161729,816,KGS,PN-4108-Y,SIEMENS,Standard specification as per IS/ISO. Dimension: 193mm. Material: Alloy Steel.
IOCL,welding electrode e7018 3.15mm x 450mm,MAT4526253,609,PAIR,PN-8744-A,UNBRAKO,Standard specification as per IS/ISO. Dimension: 298mm. Material: Alloy Steel.
BHEL,mcb  4  pole  63  amp  c  curve  10ka - URGENT REQ,MAT9263061,4841,KGS,PN-3058-B,CUMMINS,Standard specification as per IS/ISO. Dimension: 214mm. Material: Rubber.
ONGC,ROLLER  BEARING  SPHERICAL  22316  EK  C3 **OEM ONLY**,MAT7177167,23,MT,PN-7327-B,BEML,Standard specification as per IS/ISO. Dimension: 197mm. Material: Rubber.
GAIL,led flood light 200w ip66 6500k cg/philips,MAT7754784,3144,LTR,PN-6939-B,ANY REPUTED MAKE,Standard specification as per IS/ISO. Dimension: 76mm. Material: SS316.
IOCL,wire  rope  16mm  dia  6x36  fmc  rhrl  ungalvanized - URGENT REQ,MAT8071604,4621,LTR,PN-4932-Z,KOMATSU,Standard specification as per IS/ISO. Dimension: 207mm. Material: Rubber.
IOCL,wire  rope  16mm  dia  6x36  fmc  rhrl  ungalvanized - URGENT REQ,MAT3962196,521,KGS,N/A,PHILIPS,Standard specification as per IS/ISO. Dimension: 83mm. Material: Brass.
HEC,pressure gauge 0-100 kg/cm2 150mm dial bottom entry,MAT3152741,4841,BTL,PN-5190-Y,ESCO,Standard specification as per IS/ISO. Dimension: 166mm. Material: SS316.
ONGC,BEARING BALL RADIAL 6205 2RS SKF/FAG MAKE ONLY,MAT6177420,2058,MTR,PN-1886-Y,UNBRAKO,Standard specification as per IS/ISO. Dimension: 248mm. Material: MS.
BHEL,air filter element outer & inner for beml dumper,MAT4677911,2366,MTR,PN-2920-A,ABB,Standard specification as per IS/ISO. Dimension: 55mm. Material: SS304.
NTPC,o-ring p/n 87654321 for komatsu dumper hemm spare,MAT4186915,1781,SET,PN-4007-B,SIEMENS,Standard specification as per IS/ISO. Dimension: 194mm. Material: SS316.
Coal India (BCCL),led flood light 200w ip66 6500k cg/philips,MAT9054570,87,PAIR,PN-6997-Y,KOMATSU,Standard specification as per IS/ISO. Dimension: 20mm. Material: Alloy Steel.
BHEL,bull dozer track chain assembly 39 links,MAT7375361,4191,SET,PN-6746-X,CUMMINS,Standard specification as per IS/ISO. Dimension: 158mm. Material: SS316.
IOCL,TAPER  ROLLER  BEARING  32218  J2/Q   REQ AS PER ATTACHED SPEC,MAT6791288,2623,KGS,PN-1125-A,PHILIPS,Standard specification as per IS/ISO. Dimension: 103mm. Material: Brass.
HEC,LUBRICATING OIL SERVO SYSTEM 68 IN 210 LTR DRUM,MAT5783762,3856,MTR,PN-3936-B,L&T,Standard specification as per IS/ISO. Dimension: 248mm. Material: MS.
NTPC,wire  rope  16mm  dia  6x36  fmc  rhrl  ungalvanized - URGENT REQ,MAT4062970,4649,SET,PN-8621-X,FAG,Standard specification as per IS/ISO. Dimension: 112mm. Material: Rubber.
NTPC,TRANSFORMER  OIL  EHV  GRADE  IN  209  LTR  BARREL - URGENT REQ,MAT4202965,3016,SET,PN-2328-Y,ANY REPUTED MAKE,Standard specification as per IS/ISO. Dimension: 157mm. Material: Brass.
NTPC,oxygen gas cylinder refill industrial grade,MAT6284902,3835,PAIR,PN-6338-B,PIX,Standard specification as per IS/ISO. Dimension: 188mm. Material: MS.
GAIL,SAFETY  SHOE  MENS  BLACK  SIZE  9  LEATHER  CE  APPROVED   REQ AS PER ATTACHED SPEC,MAT9583507,302,ROLL,PN-3197-X,ANY REPUTED MAKE,Standard specification as per IS/ISO. Dimension: 288mm. Material: MS.
ONGC,mcb 4 pole 63 amp c curve 10ka,MAT1663450,1028,MT,PN-4494-Y,ANY REPUTED MAKE,Standard specification as per IS/ISO. Dimension: 119mm. Material: Alloy Steel.
HEC,TAPER ROLLER BEARING 32218 J2/Q,MAT9013463,1266,MT,PN-1688-B,CUMMINS,Standard specification as per IS/ISO. Dimension: 30mm. Material: Rubber.
NTPC,WIRE  ROPE  16MM  DIA  6X36  FMC  RHRL  UNGALVANIZED (BOQ1 REF),MAT5593933,3543,NOS,PN-3074-B,ABB,Standard specification as per IS/ISO. Dimension: 239mm. Material: SS316.
GAIL,led flood light 200w ip66 6500k cg/philips,MAT1955940,1015,LTR,N/A,ANY REPUTED MAKE,Standard specification as per IS/ISO. Dimension: 40mm. Material: Brass.
Coal India (Central Coalfields Limited),transformer  oil  ehv  grade  in  209  ltr  barrel (BOQ1 REF),MAT3664147,2962,MTR,PN-6941-A,BOSCH,Standard specification as per IS/ISO. Dimension: 157mm. Material: SS304.
IOCL,V  BELT  C-120  FENNER  PIX  ONLY  FOR  CRUSHER  DRIVE - URGENT REQ,MAT6707531,301,SET,PN-5707-Z,PHILIPS,Standard specification as per IS/ISO. Dimension: 138mm. Material: Rubber.
IOCL,TRANSFORMER OIL EHV GRADE IN 209 LTR BARREL,MAT3633678,3537,LTR,N/A,CUMMINS,Standard specification as per IS/ISO. Dimension: 70mm. Material: Rubber.
Coal India (Central Coalfields Limited),O-RING P/N 87654321 FOR KOMATSU DUMPER HEMM SPARE,MAT3188080,1986,MTR,PN-5371-Z,L&T,Standard specification as per IS/ISO. Dimension: 276mm. Material: SS316.
NTPC,air filter element outer & inner for beml dumper,MAT8587322,1136,BTL,PN-6271-A,ANY REPUTED MAKE,Standard specification as per IS/ISO. Dimension: 79mm. Material: Rubber.
GAIL,ROLLER BEARING SPHERICAL 22316 EK C3,MAT5293779,389,BTL,PN-9380-B,UNBRAKO,Standard specification as per IS/ISO. Dimension: 96mm. Material: Brass.
NTPC,taper roller bearing 32218 j2/q,MAT1828209,1360,MT,PN-9495-X,ANY REPUTED MAKE,Standard specification as per IS/ISO. Dimension: 200mm. Material: Rubber.
HEC,HIGH TENSILE BOLT M24 X 100MM GRADE 8.8 GALVANIZED,MAT3024899,2823,MTR,PN-2832-Z,ANY REPUTED MAKE,Standard specification as per IS/ISO. Dimension: 237mm. Material: Brass.
BHEL,industrial  heater  2kw  230v  tubular  type - URGENT REQ,MAT3443751,1197,MT,PN-8555-Z,CG,Standard specification as per IS/ISO. Dimension: 134mm. Material: Alloy Steel.
NTPC,bull dozer track chain assembly 39 links,MAT7379202,2521,KGS,PN-1890-A,ABB,Standard specification as per IS/ISO. Dimension: 210mm. Material: MS.
IOCL,led flood light 200w ip66 6500k cg/philips,MAT1672665,2016,MT,PN-6570-B,ESCO,Standard specification as per IS/ISO. Dimension: 99mm. Material: SS304.
Coal India (Central Coalfields Limited),industrial heater 2kw 230v tubular type,MAT9956868,146,LTR,PN-6973-Z,L&T,Standard specification as per IS/ISO. Dimension: 259mm. Material: SS304.
NTPC,flange gasket 150# 100mm nb spiral wound non asbestos,MAT2675748,1576,SET,PN-6104-Z,FENNER,Standard specification as per IS/ISO. Dimension: 293mm. Material: SS316.
IOCL,BALL VALVE 1 INCH SS316 1000 WOG PTFE SEAT,MAT3183294,3302,ROLL,PN-5757-Y,PIX,Standard specification as per IS/ISO. Dimension: 124mm. Material: Brass.
ONGC,SUBMERSIBLE PUMP 5HP 3 PHASE 415V,MAT9880690,1769,PAIR,PN-7790-B,SIEMENS,Standard specification as per IS/ISO. Dimension: 277mm. Material: Alloy Steel.
ONGC,pressure  gauge  0-100  kg/cm2  150mm  dial  bottom  entry **OEM ONLY**,MAT6103284,204,ROLL,N/A,ANY REPUTED MAKE,Standard specification as per IS/ISO. Dimension: 21mm. Material: Rubber.
GAIL,TAPER ROLLER BEARING 32218 J2/Q,MAT2365344,3916,MT,PN-6344-B,OEM,Standard specification as per IS/ISO. Dimension: 62mm. Material: MS.
Coal India (BCCL),RUBBER CONVEYOR BELT 800MM WIDE EP 400/3,MAT4755201,1978,BTL,PN-8166-A,SIEMENS,Standard specification as per IS/ISO. Dimension: 216mm. Material: Brass.
IOCL,gate  valve  2  inch  800#  forged  steel  a105   REQ AS PER ATTACHED SPEC,MAT1346574,289,PAIR,PN-7280-B,ABB,Standard specification as per IS/ISO. Dimension: 28mm. Material: SS316.
GAIL,BALL  VALVE  1  INCH  SS316  1000  WOG  PTFE  SEAT (BOQ1 REF),MAT9881432,3930,KGS,PN-5307-Z,ABB,Standard specification as per IS/ISO. Dimension: 62mm. Material: SS304.
HEC,air  filter  element  outer  &  inner  for  beml  dumper   REQ AS PER ATTACHED SPEC,MAT6472376,3617,MT,PN-2718-B,SKF,Standard specification as per IS/ISO. Dimension: 172mm. Material: SS304.
BHEL,BEARING BALL RADIAL 6205 2RS SKF/FAG MAKE ONLY,MAT9012069,1731,SET,N/A,FAG,Standard specification as per IS/ISO. Dimension: 129mm. Material: Brass.
IOCL,lubricating  oil  servo  system  68  in  210  ltr  drum - URGENT REQ,MAT6074878,613,NOS,N/A,FAG,Standard specification as per IS/ISO. Dimension: 44mm. Material: Alloy Steel.
Coal India (BCCL),submersible pump 5hp 3 phase 415v,MAT6165168,327,LTR,PN-3225-X,ANY REPUTED MAKE,Standard specification as per IS/ISO. Dimension: 279mm. Material: SS316.
GAIL,pressure  gauge  0-100  kg/cm2  150mm  dial  bottom  entry - URGENT REQ,MAT3550306,3662,BTL,N/A,TVS,Standard specification as per IS/ISO. Dimension: 58mm. Material: SS304.
ONGC,lubricating oil servo system 68 in 210 ltr drum,MAT5766971,1322,PAIR,PN-5118-Z,ANY REPUTED MAKE,Standard specification as per IS/ISO. Dimension: 190mm. Material: MS.
BHEL,rubber conveyor belt 800mm wide ep 400/3,MAT8218221,4367,NOS,PN-7503-A,KOMATSU,Standard specification as per IS/ISO. Dimension: 68mm. Material: Alloy Steel.
NTPC,bearing ball radial 6205 2rs skf/fag make only,MAT9591986,2488,NOS,PN-4314-Z,SIEMENS,Standard specification as per IS/ISO. Dimension: 285mm. Material: Rubber.
Coal India (BCCL),filter  lube  oil  for  cummins  engine  kta19 (BOQ1 REF),MAT8899927,1515,SET,PN-8002-A,FENNER,Standard specification as per IS/ISO. Dimension: 82mm. Material: SS316.
Coal India (Central Coalfields Limited),contactor  3  pole  400v  63a  l&t/siemens - URGENT REQ,MAT9107110,2616,MT,PN-7707-A,ABB,Standard specification as per IS/ISO. Dimension: 259mm. Material: Rubber.
GAIL,RUBBER  CONVEYOR  BELT  800MM  WIDE  EP  400/3 **OEM ONLY**,MAT2262244,1552,PAIR,N/A,PIX,Standard specification as per IS/ISO. Dimension: 291mm. Material: MS.
Coal India (BCCL),RUBBER CONVEYOR BELT 800MM WIDE EP 400/3,MAT4445725,383,SET,PN-2400-B,BEML,Standard specification as per IS/ISO. Dimension: 171mm. Material: MS.
ONGC,filter lube oil for cummins engine kta19,MAT5527893,3464,SET,N/A,BEML,Standard specification as per IS/ISO. Dimension: 297mm. Material: SS304.
Coal India (BCCL),CONTACTOR  3  POLE  400V  63A  L&T/SIEMENS **OEM ONLY**,MAT8999372,1105,SET,N/A,CUMMINS,Standard specification as per IS/ISO. Dimension: 159mm. Material: MS.
GAIL,submersible  pump  5hp  3  phase  415v (BOQ1 REF),MAT6651442,4525,NOS,PN-4637-Y,TVS,Standard specification as per IS/ISO. Dimension: 20mm. Material: Alloy Steel.
BHEL,m.s.  hex  bolt  &  nut  m16x65mm  long  is:1363 - URGENT REQ,MAT1171172,4349,SET,PN-5637-A,ABB,Standard specification as per IS/ISO. Dimension: 293mm. Material: Brass.
ONGC,ROLLER BEARING SPHERICAL 22316 EK C3,MAT5081374,3834,MT,PN-3229-Y,ANY REPUTED MAKE,Standard specification as per IS/ISO. Dimension: 261mm. Material: Brass.
Coal India (BCCL),SEAL  KIT  FOR  HYDRAULIC  CYLINDER  BEML  DOZER (BOQ1 REF),MAT2854070,1210,SET,N/A,OEM,Standard specification as per IS/ISO. Dimension: 41mm. Material: SS316.
NTPC,welding  electrode  e7018  3.15mm  x  450mm   REQ AS PER ATTACHED SPEC,MAT4628149,2281,MT,PN-2155-A,CUMMINS,Standard specification as per IS/ISO. Dimension: 90mm. Material: SS316.
HEC,AIR  FILTER  ELEMENT  OUTER  &  INNER  FOR  BEML  DUMPER **OEM ONLY**,MAT8493488,2801,NOS,PN-4356-X,BEML,Standard specification as per IS/ISO. Dimension: 176mm. Material: SS304.
Coal India (BCCL),oxygen gas cylinder refill industrial grade,MAT7254369,4232,BTL,N/A,ANY REPUTED MAKE,Standard specification as per IS/ISO. Dimension: 101mm. Material: MS.
Coal India (BCCL),m.s. hex bolt & nut m16x65mm long is:1363,MAT8528376,3369,PAIR,PN-5441-A,SKF,Standard specification as per IS/ISO. Dimension: 39mm. Material: MS.
ONGC,ROLLER BEARING SPHERICAL 22316 EK C3,MAT3344778,1677,KGS,N/A,ANY REPUTED MAKE,Standard specification as per IS/ISO. Dimension: 37mm. Material: MS.
ONGC,seal  kit  for  hydraulic  cylinder  beml  dozer   REQ AS PER ATTACHED SPEC,MAT1139671,1112,NOS,PN-9594-B,TVS,Standard specification as per IS/ISO. Dimension: 65mm. Material: MS.
NTPC,TRANSFORMER OIL EHV GRADE IN 209 LTR BARREL,MAT2023534,4163,LTR,N/A,BEML,Standard specification as per IS/ISO. Dimension: 268mm. Material: MS.
GAIL,SAFETY  SHOE  MENS  BLACK  SIZE  9  LEATHER  CE  APPROVED (BOQ1 REF),MAT3704001,4508,LTR,PN-4496-Z,ANY REPUTED MAKE,Standard specification as per IS/ISO. Dimension: 169mm. Material: SS316.
HEC,SUBMERSIBLE PUMP 5HP 3 PHASE 415V,MAT9781305,3887,NOS,PN-7846-A,ANY REPUTED MAKE,Standard specification as per IS/ISO. Dimension: 139mm. Material: MS.
BHEL,filter  lube  oil  for  cummins  engine  kta19 (BOQ1 REF),MAT9092243,4445,PAIR,PN-4852-Z,TVS,Standard specification as per IS/ISO. Dimension: 108mm. Material: SS316.
Coal India (BCCL),contactor 3 pole 400v 63a l&t/siemens,MAT3783040,3009,LTR,PN-2226-Z,UNBRAKO,Standard specification as per IS/ISO. Dimension: 248mm. Material: SS316.
GAIL,v belt c-120 fenner pix only for crusher drive,MAT6116295,105,MTR,PN-6765-B,PIX,Standard specification as per IS/ISO. Dimension: 172mm. Material: SS316.
ONGC,SEAL  KIT  FOR  HYDRAULIC  CYLINDER  BEML  DOZER **OEM ONLY**,MAT5995555,1078,ROLL,PN-5071-Z,UNBRAKO,Standard specification as per IS/ISO. Dimension: 283mm. Material: SS304.
ONGC,air  filter  element  outer  &  inner  for  beml  dumper - URGENT REQ,MAT5591352,416,KGS,PN-3626-Z,ANY REPUTED MAKE,Standard specification as per IS/ISO. Dimension: 297mm. Material: MS.
HEC,FILTER  LUBE  OIL  FOR  CUMMINS  ENGINE  KTA19 **OEM ONLY**,MAT4244679,2423,LTR,N/A,UNBRAKO,Standard specification as per IS/ISO. Dimension: 135mm. Material: Brass.
BHEL,filter  lube  oil  for  cummins  engine  kta19 **OEM ONLY**,MAT4471251,4457,PAIR,PN-4534-Z,KOMATSU,Standard specification as per IS/ISO. Dimension: 180mm. Material: SS316.
IOCL,LUBRICATING  OIL  SERVO  SYSTEM  68  IN  210  LTR  DRUM - URGENT REQ,MAT2730535,652,BTL,PN-2735-B,BEML,Standard specification as per IS/ISO. Dimension: 33mm. Material: SS316.
ONGC,led flood light 200w ip66 6500k cg/philips,MAT2395378,3221,ROLL,PN-4431-A,PHILIPS,Standard specification as per IS/ISO. Dimension: 252mm. Material: SS304.
ONGC,seal kit for hydraulic cylinder beml dozer,MAT6833477,2608,BTL,N/A,TVS,Standard specification as per IS/ISO. Dimension: 272mm. Material: Rubber.
HEC,GATE  VALVE  2  INCH  800#  FORGED  STEEL  A105   REQ AS PER ATTACHED SPEC,MAT5836491,3504,KGS,PN-2053-A,OEM,Standard specification as per IS/ISO. Dimension: 202mm. Material: Brass.
IOCL,FILTER  LUBE  OIL  FOR  CUMMINS  ENGINE  KTA19 (BOQ1 REF),MAT7322652,469,PAIR,PN-3071-A,ANY REPUTED MAKE,Standard specification as per IS/ISO. Dimension: 152mm. Material: Rubber.
NTPC,mcb 4 pole 63 amp c curve 10ka,MAT1427705,4900,NOS,PN-7968-A,FAG,Standard specification as per IS/ISO. Dimension: 277mm. Material: MS.
ONGC,SS  TUBE  1/2  INCH  OD  X  1.2MM  THK  ASTM  A213   REQ AS PER ATTACHED SPEC,MAT5813412,4545,SET,PN-7653-A,CUMMINS,Standard specification as per IS/ISO. Dimension: 110mm. Material: SS316.
Coal India (Central Coalfields Limited),TRANSFORMER OIL EHV GRADE IN 209 LTR BARREL,MAT5998771,4044,PAIR,PN-7263-Z,ANY REPUTED MAKE,Standard specification as per IS/ISO. Dimension: 18mm. Material: Rubber.
Coal India (Central Coalfields Limited),O-RING  P/N  87654321  FOR  KOMATSU  DUMPER  HEMM  SPARE - URGENT REQ,MAT9059836,2806,PAIR,N/A,KOMATSU,Standard specification as per IS/ISO. Dimension: 33mm. Material: Alloy Steel.
HEC,led flood light 200w ip66 6500k cg/philips,MAT7071765,1065,MT,N/A,CG,Standard specification as per IS/ISO. Dimension: 77mm. Material: Alloy Steel.
Coal India (BCCL),submersible pump 5hp 3 phase 415v,MAT4081702,2304,SET,PN-2139-A,CG,Standard specification as per IS/ISO. Dimension: 283mm. Material: SS304.
IOCL,INDUSTRIAL HEATER 2KW 230V TUBULAR TYPE,MAT6420968,1789,MTR,N/A,OEM,Standard specification as per IS/ISO. Dimension: 51mm. Material: MS.
ONGC,seal  kit  for  hydraulic  cylinder  beml  dozer   REQ AS PER ATTACHED SPEC,MAT4987806,2093,KGS,N/A,ABB,Standard specification as per IS/ISO. Dimension: 264mm. Material: MS.
NTPC,filter lube oil for cummins engine kta19,MAT7381325,74,ROLL,PN-7232-X,ABB,Standard specification as per IS/ISO. Dimension: 274mm. Material: Alloy Steel.
IOCL,air filter element outer & inner for beml dumper,MAT7799833,170,MT,N/A,L&T,Standard specification as per IS/ISO. Dimension: 82mm. Material: SS304.
ONGC,bull dozer track chain assembly 39 links,MAT3453753,4606,MTR,PN-6001-X,FENNER,Standard specification as per IS/ISO. Dimension: 268mm. Material: Alloy Steel.
Coal India (Central Coalfields Limited),v  belt  c-120  fenner  pix  only  for  crusher  drive (BOQ1 REF),MAT3819341,4521,BTL,PN-4711-X,ANY REPUTED MAKE,Standard specification as per IS/ISO. Dimension: 186mm. Material: SS304.
BHEL,FLANGE  GASKET  150#  100MM  NB  SPIRAL  WOUND  NON  ASBESTOS - URGENT REQ,MAT5801423,2675,MTR,N/A,ANY REPUTED MAKE,Standard specification as per IS/ISO. Dimension: 24mm. Material: Brass.
NTPC,ss tube 1/2 inch od x 1.2mm thk astm a213,MAT2244683,1947,KGS,N/A,ANY REPUTED MAKE,Standard specification as per IS/ISO. Dimension: 284mm. Material: Rubber.
Coal India (Central Coalfields Limited),HYDRAULIC  HOSE  1  INCH  R2  10  METERS  WITH  FITTINGS - URGENT REQ,MAT1000125,4320,MTR,PN-6364-Y,CUMMINS,Standard specification as per IS/ISO. Dimension: 18mm. Material: MS.
BHEL,led  flood  light  200w  ip66  6500k  cg/philips - URGENT REQ,MAT2466708,1994,NOS,PN-1259-Y,CG,Standard specification as per IS/ISO. Dimension: 158mm. Material: Brass.
GAIL,INDUSTRIAL HEATER 2KW 230V TUBULAR TYPE,MAT5957524,4175,SET,N/A,PHILIPS,Standard specification as per IS/ISO. Dimension: 127mm. Material: Rubber.
NTPC,wire  rope  16mm  dia  6x36  fmc  rhrl  ungalvanized (BOQ1 REF),MAT3217157,470,LTR,PN-3098-Y,ANY REPUTED MAKE,Standard specification as per IS/ISO. Dimension: 208mm. Material: Rubber.
NTPC,taper  roller  bearing  32218  j2/q   REQ AS PER ATTACHED SPEC,MAT2027417,1710,BTL,PN-2390-X,ANY REPUTED MAKE,Standard specification as per IS/ISO. Dimension: 239mm. Material: SS316.
Coal India (Central Coalfields Limited),gate  valve  2  inch  800#  forged  steel  a105 (BOQ1 REF),MAT6434443,1198,KGS,PN-1504-X,TVS,Standard specification as per IS/ISO. Dimension: 194mm. Material: Alloy Steel.
GAIL,led  flood  light  200w  ip66  6500k  cg/philips - URGENT REQ,MAT8779374,144,KGS,N/A,CG,Standard specification as per IS/ISO. Dimension: 92mm. Material: SS304.
Coal India (BCCL),oxygen gas cylinder refill industrial grade,MAT4712735,909,PAIR,PN-8007-B,SIEMENS,Standard specification as per IS/ISO. Dimension: 299mm. Material: SS304.
BHEL,industrial heater 2kw 230v tubular type,MAT6065244,3194,LTR,N/A,ANY REPUTED MAKE,Standard specification as per IS/ISO. Dimension: 117mm. Material: Alloy Steel.
NTPC,pressure gauge 0-100 kg/cm2 150mm dial bottom entry,MAT2125187,1036,PAIR,N/A,ESCO,Standard specification as per IS/ISO. Dimension: 154mm. Material: Rubber.
BHEL,hydraulic  hose  1  inch  r2  10  meters  with  fittings   REQ AS PER ATTACHED SPEC,MAT3310147,3941,LTR,PN-2219-X,TVS,Standard specification as per IS/ISO. Dimension: 90mm. Material: MS.
NTPC,v belt c-120 fenner pix only for crusher drive,MAT6650084,1896,NOS,PN-5050-B,ABB,Standard specification as per IS/ISO. Dimension: 143mm. Material: Brass.
ONGC,m.s. hex bolt & nut m16x65mm long is:1363,MAT1426140,1829,ROLL,PN-9321-X,BEML,Standard specification as per IS/ISO. Dimension: 180mm. Material: SS304.
BHEL,BALL  VALVE  1  INCH  SS316  1000  WOG  PTFE  SEAT (BOQ1 REF),MAT7605733,1843,MT,PN-4911-X,PHILIPS,Standard specification as per IS/ISO. Dimension: 298mm. Material: Alloy Steel.
Coal India (Central Coalfields Limited),OXYGEN GAS CYLINDER REFILL INDUSTRIAL GRADE,MAT7961006,2652,KGS,PN-3757-X,L&T,Standard specification as per IS/ISO. Dimension: 284mm. Material: SS316.
IOCL,high tensile bolt m24 x 100mm grade 8.8 galvanized,MAT6830379,2998,SET,PN-3452-B,FAG,Standard specification as per IS/ISO. Dimension: 194mm. Material: MS.
BHEL,SUBMERSIBLE  PUMP  5HP  3  PHASE  415V   REQ AS PER ATTACHED SPEC,MAT6126005,1031,MT,PN-4749-Z,BOSCH,Standard specification as per IS/ISO. Dimension: 243mm. Material: SS316.
NTPC,o-ring  p/n  87654321  for  komatsu  dumper  hemm  spare **OEM ONLY**,MAT2053228,531,LTR,PN-2726-A,ANY REPUTED MAKE,Standard specification as per IS/ISO. Dimension: 97mm. Material: MS.
GAIL,hydraulic hose 1 inch r2 10 meters with fittings,MAT1128094,2381,SET,PN-4912-Z,UNBRAKO,Standard specification as per IS/ISO. Dimension: 229mm. Material: Alloy Steel.
ONGC,GATE VALVE 2 INCH 800# FORGED STEEL A105,MAT4089565,2283,PAIR,PN-4844-B,OEM,Standard specification as per IS/ISO. Dimension: 221mm. Material: Rubber.
Coal India (BCCL),pressure gauge 0-100 kg/cm2 150mm dial bottom entry,MAT3020600,1735,MT,N/A,ANY REPUTED MAKE,Standard specification as per IS/ISO. Dimension: 278mm. Material: Brass.
HEC,contactor 3 pole 400v 63a l&t/siemens,MAT2754487,3566,LTR,N/A,ABB,Standard specification as per IS/ISO. Dimension: 178mm. Material: Brass.
ONGC,roller  bearing  spherical  22316  ek  c3 (BOQ1 REF),MAT9814971,1007,SET,N/A,ANY REPUTED MAKE,Standard specification as per IS/ISO. Dimension: 171mm. Material: SS316.
Coal India (Central Coalfields Limited),high tensile bolt m24 x 100mm grade 8.8 galvanized,MAT9948340,4136,NOS,N/A,SKF,Standard specification as per IS/ISO. Dimension: 92mm. Material: MS.
Coal India (Central Coalfields Limited),mcb  4  pole  63  amp  c  curve  10ka   REQ AS PER ATTACHED SPEC,MAT6108786,2265,SET,N/A,KOMATSU,Standard specification as per IS/ISO. Dimension: 158mm. Material: Brass.
BHEL,submersible  pump  5hp  3  phase  415v **OEM ONLY**,MAT6181774,839,SET,PN-7979-B,SIEMENS,Standard specification as per IS/ISO. Dimension: 261mm. Material: Brass.
ONGC,air  filter  element  outer  &  inner  for  beml  dumper   REQ AS PER ATTACHED SPEC,MAT7381895,639,MT,PN-5660-Y,CUMMINS,Standard specification as per IS/ISO. Dimension: 249mm. Material: Alloy Steel.
BHEL,FLANGE GASKET 150# 100MM NB SPIRAL WOUND NON ASBESTOS,MAT7451239,796,KGS,PN-4590-A,L&T,Standard specification as per IS/ISO. Dimension: 106mm. Material: Alloy Steel.
